meeting_id,firm_id,meeting_date,meeting_type,purpose
M0036,F027,2025-12-27,In Person,Fundraising
M0006,F057,2026-01-02,In Person,Due diligence
M0016,F059,2026-01-08,Phone,Due diligence
M0013,F013,2026-01-09,Phone,Relationship
M0028,F055,2026-01-11,Video,Follow-up
M0034,F046,2026-01-23,In Person,Relationship
M0018,F048,2026-01-28,In Person,Due diligence
M0026,F053,2026-02-16,In Person,Due diligence
M0002,F047,2026-02-18,In Person,Relationship
M0005,F057,2026-02-24,Video,Due diligence
M0024,F007,2026-02-27,In Person,Follow-up
M0014,F013,2026-02-28,Video,Follow-up
M0020,F048,2026-03-03,Video,Follow-up
M0012,F013,2026-03-07,In Person,Fundraising
M0040,F022,2026-03-09,Phone,Due diligence
M0010,F017,2026-03-11,Video,Fundraising
M0055,F007,2026-03-15,Video,Follow-up
M0031,F040,2026-03-16,In Person,Fundraising
M0008,F018,2026-03-17,In Person,Fundraising
M0025,F043,2026-03-18,In Person,Follow-up
M0051,F019,2026-03-21,Phone,Due diligence
M0009,F031,2026-03-23,Video,Relationship
M0019,F048,2026-03-24,Video,Follow-up
M0092,F053,2026-04-03,Video,Relationship
M0030,F040,2026-04-04,Video,Due diligence
M0011,F017,2026-04-06,Video,Follow-up
M0021,F024,2026-04-06,In Person,Relationship
M0007,F051,2026-04-09,Video,Due diligence
M0027,F053,2026-04-11,Phone,Due diligence
M0089,F010,2026-04-12,Video,Relationship
M0107,F027,2026-04-14,Video,Relationship
M0015,F039,2026-04-15,In Person,Relationship
M0001,F023,2026-04-21,Video,Relationship
M0023,F007,2026-04-21,Video,Relationship
M0059,F003,2026-04-26,Video,Relationship
M0074,F050,2026-04-26,Video,Due diligence
M0032,F001,2026-04-27,Phone,Fundraising
M0082,F010,2026-04-27,Phone,Fundraising
M0049,F040,2026-05-02,Video,Fundraising
M0022,F015,2026-05-03,Phone,Due diligence
M0068,F018,2026-05-05,Video,Fundraising
M0061,F012,2026-05-09,Phone,Fundraising
M0035,F046,2026-05-09,Phone,Due diligence
M0003,F047,2026-05-10,Video,Relationship
M0033,F046,2026-05-11,Video,Relationship
M0103,F006,2026-05-12,Video,Relationship
M0075,F050,2026-05-16,In Person,Due diligence
M0086,F044,2026-05-17,Video,Fundraising
M0112,F042,2026-05-21,Video,Relationship
M0078,F017,2026-05-22,Video,Relationship
M0091,F003,2026-05-23,Video,Relationship
M0096,F005,2026-05-23,Video,Relationship
M0043,F029,2026-05-24,In Person,Relationship
M0048,F040,2026-05-25,In Person,Due diligence
M0058,F018,2026-05-25,Video,Fundraising
M0041,F036,2026-05-26,Phone,Due diligence
M0053,F015,2026-05-26,Phone,Fundraising
M0060,F003,2026-05-28,Video,Fundraising
M0054,F007,2026-05-30,In Person,Due diligence
M0056,F007,2026-05-30,Video,Fundraising
M0084,F003,2026-05-31,In Person,Relationship
M0066,F031,2026-05-31,In Person,Due diligence
M0083,F038,2026-05-31,Video,Fundraising
M0076,F001,2026-06-01,Phone,Follow-up
M0017,F059,2026-06-02,In Person,Due diligence
M0079,F017,2026-06-03,In Person,Follow-up
M0057,F017,2026-06-04,Video,Relationship
M0090,F014,2026-06-05,Video,Relationship
M0004,F002,2026-06-06,Phone,Fundraising
M0029,F014,2026-06-06,In Person,Follow-up
M0073,F050,2026-06-08,Phone,Relationship
M0104,F026,2026-06-09,Video,Relationship
M0037,F027,2026-06-10,Phone,Relationship
M0105,F027,2026-06-12,Video,Relationship
M0069,F018,2026-06-18,Phone,Relationship
M0106,F043,2026-06-18,Video,Relationship
M0095,F012,2026-06-19,Video,Relationship
M0052,F008,2026-06-21,In Person,Relationship
M0064,F006,2026-06-22,Video,Fundraising
M0070,F033,2026-06-22,Video,Fundraising
M0046,F025,2026-06-22,Video,Relationship
M0045,F046,2026-06-23,Video,Due diligence
M0093,F053,2026-06-23,Video,Relationship
M0072,F055,2026-06-24,In Person,Fundraising
M0088,F024,2026-06-27,Video,Relationship
M0109,F057,2026-07-01,Video,Relationship
M0062,F038,2026-07-03,In Person,Follow-up
M0063,F025,2026-07-03,Video,Fundraising
M0111,F002,2026-07-03,Video,Relationship
M0094,F027,2026-07-05,Video,Relationship
M0067,F018,2026-07-09,Video,Due diligence
M0071,F042,2026-07-11,In Person,Due diligence
M0100,F007,2026-07-11,Video,Relationship
M0081,F048,2026-07-12,Video,Relationship
M0044,F029,2026-07-12,Phone,Fundraising
M0099,F005,2026-07-14,Video,Relationship
M0047,F034,2026-07-14,In Person,Due diligence
M0110,F027,2026-07-16,Video,Relationship
M0038,F006,2026-07-20,Phone,Fundraising
M0042,F030,2026-07-25,In Person,Due diligence
M0098,F036,2026-08-02,Video,Relationship
M0039,F024,2026-08-03,In Person,Follow-up
M0097,F003,2026-08-05,Video,Relationship
M0050,F040,2026-08-13,Video,Relationship
M0102,F010,2026-08-15,Video,Relationship
M0101,F043,2026-08-19,Video,Relationship
M0108,F020,2026-08-24,Video,Relationship
M0077,F058,2026-08-25,Video,Follow-up
M0080,F048,2026-08-28,In Person,Fundraising
M0065,F031,2026-09-01,Phone,Fundraising
M0085,F003,2026-09-02,Phone,Fundraising
M0087,F020,2026-09-07,Video,Fundraising
