opportunity_id,stage_rank,stage_date,is_future
O0001,1,2026-07-24,false
O0001,2,2026-08-03,false
O0001,3,2026-08-21,false
O0001,4,2026-08-29,false
O0002,1,2026-04-10,false
O0002,2,2026-05-02,false
O0002,5,2026-05-19,false
O0003,1,2026-06-25,false
O0003,2,2026-07-09,false
O0003,5,2026-07-19,false
O0004,1,2026-04-15,false
O0004,2,2026-05-05,false
O0004,3,2026-05-20,false
O0004,0,2026-06-14,false
O0005,1,2026-07-14,false
O0005,2,2026-08-07,false
O0005,3,2026-08-24,false
O0005,4,2026-09-17,false
O0006,1,2026-05-19,false
O0006,2,2026-06-09,false
O0006,5,2026-06-25,false
O0007,1,2026-04-03,false
O0007,2,2026-04-29,false
O0007,3,2026-05-05,false
O0007,4,2026-05-31,false
O0007,0,2026-07-09,false
O0008,1,2026-08-18,false
O0008,2,2026-09-05,false
O0008,3,2026-09-22,false
O0009,1,2026-06-02,false
O0009,2,2026-06-22,false
O0010,1,2026-08-14,false
O0010,2,2026-09-03,false
O0010,3,2026-09-20,false
O0010,4,2026-09-28,true
O0010,0,2026-10-14,true
O0011,1,2026-01-30,false
O0011,2,2026-02-05,false
O0011,3,2026-03-02,false
O0011,5,2026-03-17,false
O0012,1,2026-08-11,false
O0012,2,2026-08-20,false
O0012,3,2026-08-25,false
O0012,4,2026-09-01,false
O0013,1,2026-07-17,false
O0013,2,2026-07-31,false
O0014,1,2026-08-08,false
O0014,2,2026-09-01,false
O0015,1,2026-04-12,false
O0015,2,2026-04-21,false
O0015,3,2026-05-04,false
O0015,4,2026-05-25,false
O0016,1,2026-06-13,false
O0016,2,2026-06-24,false
O0016,3,2026-07-04,false
O0017,1,2026-04-12,false
O0017,2,2026-04-25,false
O0017,5,2026-05-16,false
O0018,1,2026-08-31,false
O0018,2,2026-09-27,true
O0018,3,2026-10-05,true
O0019,1,2026-06-27,false
O0019,2,2026-07-20,false
O0019,3,2026-07-29,false
O0020,1,2026-02-18,false
O0020,2,2026-02-24,false
O0021,1,2026-03-21,false
O0021,2,2026-04-18,false
O0021,3,2026-04-23,false
O0021,4,2026-05-21,false
O0022,1,2026-06-13,false
O0022,2,2026-06-22,false
O0022,3,2026-07-12,false
O0023,1,2026-01-28,false
O0023,2,2026-02-11,false
O0023,5,2026-02-27,false
O0024,1,2026-06-15,false
O0024,2,2026-07-09,false
O0025,1,2026-02-23,false
O0025,2,2026-03-03,false
O0025,3,2026-03-10,false
O0025,4,2026-04-04,false
O0025,0,2026-04-17,false
O0026,1,2026-03-31,false
O0026,2,2026-04-16,false
O0026,3,2026-05-10,false
O0026,4,2026-06-04,false
O0027,1,2026-05-18,false
O0027,2,2026-05-24,false
O0027,0,2026-05-29,false
O0028,1,2026-03-10,false
O0028,2,2026-03-15,false
O0028,3,2026-04-08,false
O0028,4,2026-04-30,false
O0029,1,2026-05-07,false
O0029,2,2026-06-01,false
O0029,3,2026-06-26,false
O0029,4,2026-07-14,false
O0030,1,2026-05-17,false
O0030,2,2026-06-14,false
O0030,3,2026-07-14,false
O0031,1,2026-01-21,false
O0031,2,2026-01-28,false
O0031,3,2026-02-25,false
O0031,4,2026-03-22,false
O0032,1,2026-02-04,false
O0032,2,2026-02-19,false
O0032,3,2026-03-19,false
O0032,4,2026-04-15,false
O0033,1,2026-07-28,false
O0033,2,2026-08-15,false
O0033,3,2026-09-10,false
O0033,4,2026-10-10,true
O0034,1,2026-03-22,false
O0034,2,2026-04-01,false
O0034,3,2026-04-14,false
O0034,4,2026-04-26,false
O0035,1,2026-07-26,false
O0035,2,2026-08-19,false
O0035,3,2026-08-31,false
O0035,4,2026-09-17,false
O0036,1,2026-08-25,false
O0036,2,2026-09-21,false
O0036,3,2026-09-26,true
O0037,1,2026-08-04,false
O0037,2,2026-08-15,false
O0037,3,2026-09-01,false
O0037,4,2026-09-25,true
O0037,5,2026-10-28,true
O0038,1,2026-01-17,false
O0038,2,2026-02-02,false
O0038,3,2026-02-11,false
O0038,4,2026-03-10,false
O0038,5,2026-03-16,false
O0039,1,2026-06-21,false
O0039,2,2026-07-14,false
O0039,3,2026-08-12,false
O0039,4,2026-08-28,false
O0040,1,2026-05-28,false
O0040,2,2026-06-08,false
O0040,5,2026-06-14,false
O0041,1,2026-07-20,false
O0041,2,2026-08-19,false
O0042,1,2026-03-22,false
O0042,2,2026-04-07,false
O0042,3,2026-04-20,false
O0043,1,2026-07-27,false
O0043,2,2026-08-17,false
O0043,3,2026-09-06,false
O0043,4,2026-09-20,false
O0044,1,2026-08-19,false
O0044,2,2026-08-27,false
O0044,3,2026-09-12,false
O0045,1,2026-05-25,false
O0045,2,2026-06-17,false
O0045,3,2026-07-01,false
O0045,4,2026-07-11,false
O0046,1,2026-03-13,false
O0046,2,2026-03-21,false
O0047,1,2026-08-21,false
O0047,2,2026-09-03,false
O0047,3,2026-09-26,true
O0048,1,2026-08-05,false
O0048,2,2026-08-30,false
O0048,3,2026-09-28,true
O0048,5,2026-10-20,true
O0049,1,2026-04-11,false
O0049,2,2026-05-09,false
O0049,3,2026-05-16,false
O0050,1,2026-01-25,false
O0050,2,2026-02-16,false
O0050,3,2026-03-09,false
O0050,5,2026-04-03,false
O0051,1,2026-03-03,false
O0051,2,2026-03-27,false
O0051,3,2026-04-21,false
O0051,4,2026-04-27,false
O0052,1,2026-06-11,false
O0052,2,2026-06-26,false
O0052,3,2026-07-06,false
O0052,4,2026-07-25,false
O0053,1,2026-03-26,false
O0053,2,2026-04-20,false
O0054,1,2026-06-06,false
O0054,2,2026-06-30,false
O0054,3,2026-07-09,false
O0055,1,2026-07-15,false
O0055,2,2026-07-27,false
O0055,3,2026-08-11,false
O0056,1,2026-07-14,false
O0056,2,2026-07-25,false
O0056,3,2026-08-11,false
O0056,4,2026-08-20,false
O0057,1,2026-04-12,false
O0057,2,2026-04-20,false
O0058,1,2026-05-10,false
O0058,2,2026-05-28,false
O0059,1,2026-06-24,false
O0059,2,2026-07-18,false
O0060,1,2026-08-01,false
O0060,2,2026-08-29,false
O0060,3,2026-09-23,false
O0060,4,2026-10-11,true
O0061,1,2026-07-29,false
O0061,2,2026-08-06,false
O0061,3,2026-08-25,false
O0061,4,2026-09-12,false
O0062,1,2026-07-16,false
O0062,2,2026-08-12,false
O0063,1,2026-03-30,false
O0063,2,2026-04-17,false
O0063,3,2026-05-08,false
O0064,1,2026-08-29,false
O0064,2,2026-09-18,false
O0064,3,2026-09-26,true
O0064,4,2026-10-02,true
O0065,1,2026-03-06,false
O0065,2,2026-03-25,false
O0065,3,2026-04-16,false
O0066,1,2026-05-30,false
O0066,2,2026-06-27,false
O0066,3,2026-07-16,false
O0067,1,2026-02-25,false
O0067,2,2026-03-25,false
O0067,3,2026-04-18,false
O0067,4,2026-05-04,false
O0068,1,2026-03-19,false
O0068,2,2026-04-06,false
O0069,1,2026-07-10,false
O0069,2,2026-07-24,false
O0069,3,2026-08-21,false
O0070,1,2026-03-07,false
O0070,2,2026-04-05,false
O0070,5,2026-04-30,false
O0071,1,2026-06-23,false
O0071,2,2026-07-09,false
O0071,3,2026-08-04,false
O0071,4,2026-08-29,false
O0072,1,2026-08-26,false
O0072,2,2026-09-17,false
O0072,3,2026-10-12,true
O0072,4,2026-10-21,true
O0073,1,2026-08-15,false
O0073,2,2026-08-28,false
O0073,3,2026-09-15,false
O0073,4,2026-10-11,true
O0074,1,2026-08-09,false
O0074,2,2026-08-24,false
O0075,1,2026-06-23,false
O0075,2,2026-07-10,false
O0075,0,2026-08-02,false
O0076,1,2026-02-10,false
O0076,2,2026-03-08,false
O0076,3,2026-03-13,false
O0076,4,2026-03-24,false
O0077,1,2026-03-26,false
O0077,2,2026-04-07,false
O0078,1,2026-04-29,false
O0078,2,2026-05-21,false
O0078,3,2026-05-31,false
O0078,4,2026-06-24,false
O0079,1,2026-02-20,false
O0079,2,2026-03-03,false
O0080,1,2026-08-16,false
O0080,2,2026-09-03,false
O0080,3,2026-09-15,false
O0081,1,2026-05-16,false
O0081,2,2026-06-12,false
O0081,3,2026-07-02,false
O0082,1,2026-06-03,false
O0082,2,2026-06-22,false
O0083,1,2026-07-08,false
O0083,2,2026-08-03,false
O0083,3,2026-08-10,false
O0084,1,2026-07-08,false
O0084,2,2026-08-05,false
O0084,3,2026-08-20,false
O0084,4,2026-09-19,false
O0085,1,2026-05-31,false
O0085,2,2026-06-18,false
O0086,1,2026-02-15,false
O0086,2,2026-03-09,false
O0086,3,2026-04-07,false
O0087,1,2026-04-28,false
O0087,2,2026-05-12,false
O0087,3,2026-05-26,false
O0088,1,2026-05-05,false
O0088,2,2026-05-21,false
O0088,3,2026-06-01,false
O0088,4,2026-06-26,false
O0089,1,2026-03-16,false
O0089,2,2026-03-23,false
O0090,1,2026-04-19,false
O0090,2,2026-05-06,false
O0090,3,2026-05-20,false
O0090,5,2026-05-26,false
O0091,1,2026-05-24,false
O0091,2,2026-06-17,false
O0091,3,2026-07-04,false
O0091,4,2026-07-28,false
O0091,5,2026-08-21,false
O0092,1,2026-01-21,false
O0092,2,2026-01-27,false
O0093,1,2026-06-26,false
O0093,2,2026-07-26,false
O0093,3,2026-08-09,false
O0093,4,2026-08-31,false
O0094,1,2026-03-07,false
O0094,2,2026-03-30,false
O0094,3,2026-04-24,false
O0095,1,2026-01-22,false
O0095,2,2026-02-20,false
O0095,3,2026-03-22,false
O0096,1,2026-05-01,false
O0096,2,2026-05-25,false
O0097,1,2026-02-16,false
O0097,2,2026-03-13,false
O0097,3,2026-04-02,false
O0098,1,2026-07-06,false
O0098,2,2026-08-01,false
O0098,5,2026-08-08,false
O0099,1,2026-03-01,false
O0099,2,2026-03-24,false
O0100,1,2026-08-07,false
O0100,2,2026-09-03,false
O0100,3,2026-09-30,true
O0101,1,2026-08-10,false
O0101,2,2026-08-30,false
O0101,3,2026-09-18,false
O0101,4,2026-10-14,true
O0102,1,2026-02-08,false
O0102,2,2026-03-06,false
O0103,1,2026-04-20,false
O0103,2,2026-05-10,false
O0103,3,2026-06-03,false
O0103,4,2026-06-09,false
O0104,1,2026-07-15,false
O0104,2,2026-08-14,false
O0104,3,2026-08-22,false
O0104,4,2026-09-07,false
O0105,1,2026-07-11,false
O0105,2,2026-07-30,false
O0105,3,2026-08-12,false
O9998,5,2026-06-28,false
