event_id,days_after_event,opps,pipeline_usd
E001,0,1,40000000
E001,5,1,10000000
E001,6,1,40000000
E001,18,1,5000000
E001,23,1,75000000
E001,28,1,75000000
E001,29,2,90000000
E001,33,1,75000000
E001,51,1,150000000
E001,56,1,100000000
E001,58,1,75000000
E001,61,1,1500000
E001,62,1,75000000
E001,66,1,2500000
E001,79,1,15000000
E001,94,2,101500000
E001,114,1,150000000
E001,122,1,15000000
E001,130,1,10000000
E001,133,1,5000000
E001,138,1,40000000
E001,141,1,5000000
E001,145,1,100000000
E001,147,1,15000000
E002,17,2,140000000
E002,21,1,15000000
E002,22,1,1500000
E002,27,1,1500000
E002,28,1,25000000
E002,37,1,2500000
E002,50,1,5000000
E002,54,1,2500000
E002,55,1,150000000
E002,61,1,40000000
E002,68,1,10000000
E002,83,1,5000000
E003,16,2,151500000
E003,19,1,25000000
E003,20,2,42500000
E003,23,1,10000000
E003,40,1,15000000
E003,48,1,75000000
