firm_id,firm_name,segment,tier,region,relationship_band,historical_commitments_usd,events_confirmed,events_tentative_only,meetings,opps,pipeline_usd,committed_usd,assoc_opps_90,assoc_pipeline_90_usd,has_unfollowed_event
F001,Investor Firm 01,Family Office,Tier 3,APAC,Existing $50M+,75000000.0,"E001, E003",,2,2,25000000,0,2,25000000,true
F002,Investor Firm 02,Pension,Tier 1,Americas,Existing $50M+,150000000.0,"E001, E002",E003,2,1,40000000,0,1,40000000,true
F003,Investor Firm 03,Family Office,Tier 2,Americas,Existing $50M+,150000000.0,"E002, E003",,6,2,102500000,102500000,0,0,false
F004,Investor Firm 04,Pension,Tier 1,Americas,Existing $50M+,75000000.0,,,0,3,275000000,0,0,0,false
F005,Investor Firm 05,Insurance,Tier 1,Americas,Existing $50M+,75000000.0,E002,,2,0,0,0,0,0,false
F006,Investor Firm 06,Asset Manager,Tier 1,APAC,Existing < $50M,20000000.0,"E001, E003",E002,3,2,165000000,0,2,165000000,true
F007,Investor Firm 07,Foundation,Tier 2,APAC,New relationship,0.0,"E001, E002",,6,2,76500000,0,2,76500000,false
F008,Investor Firm 08,Asset Manager,Tier 2,Americas,Existing < $50M,20000000.0,E002,,1,2,50000000,50000000,2,50000000,false
F009,Investor Firm 09,Asset Manager,Tier 3,EMEA,Existing < $50M,35000000.0,E002,,0,0,0,0,0,0,true
F010,Investor Firm 10,Insurance,Tier 2,EMEA,Existing $50M+,250000000.0,E003,,3,3,21500000,1500000,0,0,false
F011,Investor Firm 11,Asset Manager,Tier 3,Americas,Existing < $50M,10000000.0,,,0,6,406500000,0,0,0,false
F012,Investor Firm 12,Asset Manager,Tier 2,EMEA,Existing < $50M,20000000.0,E002,,2,2,20000000,0,0,0,false
F013,Investor Firm 13,Pension,Tier 2,APAC,Existing < $50M,5000000.0,"E001, E003",,3,0,0,0,0,0,true
F014,Investor Firm 14,Pension,Tier 2,APAC,Existing $50M+,100000000.0,,E001,2,3,110000000,0,0,0,false
F015,Investor Firm 15,Asset Manager,Tier 2,EMEA,Existing $50M+,50000000.0,E002,E001,2,1,15000000,0,0,0,false
F016,Investor Firm 16,Asset Manager,Tier 3,EMEA,Existing $50M+,50000000.0,E003,,0,2,35000000,0,1,25000000,true
F017,Investor Firm 17,Insurance,Tier 3,Americas,Existing < $50M,20000000.0,"E001, E002, E003",,5,6,155500000,0,5,154000000,true
F018,Investor Firm 18,Asset Manager,Tier 2,EMEA,Existing $50M+,100000000.0,"E001, E002",E003,5,0,0,0,0,0,false
F019,Investor Firm 19,Foundation,Tier 2,Americas,Existing $50M+,250000000.0,E002,,1,3,75000000,0,2,50000000,true
F020,Investor Firm 20,Pension,Tier 2,EMEA,Existing < $50M,10000000.0,,E003,2,1,40000000,0,0,0,false
F021,Investor Firm 21,Insurance,Tier 3,Americas,Existing $50M+,75000000.0,,,0,1,5000000,0,0,0,false
F022,Investor Firm 22,Foundation,Tier 1,APAC,Existing $50M+,150000000.0,"E001, E002, E003",,1,2,50000000,0,0,0,true
F023,Investor Firm 23,Family Office,Tier 2,APAC,Existing $50M+,50000000.0,E001,,1,1,10000000,0,0,0,false
F024,Investor Firm 24,Sovereign Wealth,Tier 2,Americas,Existing $50M+,100000000.0,"E001, E002",,3,2,76500000,75000000,1,1500000,false
F025,Investor Firm 25,Pension,Tier 3,APAC,Existing $50M+,100000000.0,"E002, E003",,2,0,0,0,0,0,false
F026,Investor Firm 26,Foundation,Tier 1,APAC,Existing < $50M,35000000.0,E003,,1,1,40000000,0,1,40000000,true
F027,Investor Firm 27,Asset Manager,Tier 3,EMEA,Existing $50M+,100000000.0,E001,,6,1,15000000,0,1,15000000,false
F028,Investor Firm 08 Holdings,Foundation,Tier 2,Americas,Existing $50M+,50000000.0,,,0,2,12500000,0,0,0,false
F029,Investor Firm 29,Sovereign Wealth,Tier 2,Americas,Existing $50M+,250000000.0,"E001, E002",,2,3,230000000,0,3,230000000,true
F030,Investor Firm 30,Sovereign Wealth,Tier 1,Americas,Existing < $50M,35000000.0,E002,,1,1,100000000,0,0,0,true
F031,Investor Firm 31,Foundation,Tier 1,EMEA,Existing $50M+,75000000.0,"E001, E003",,3,3,201500000,0,2,101500000,true
F032,Investor Firm 32,Pension,Tier 1,APAC,Existing $50M+,75000000.0,,E001,0,2,40000000,0,0,0,false
F033,Investor Firm 33,Family Office,Tier 3,APAC,Existing $50M+,75000000.0,"E002, E003",,1,2,90000000,0,1,15000000,false
F034,Investor Firm 34,Family Office,Tier 2,APAC,Existing $50M+,50000000.0,E002,,1,3,70000000,40000000,0,0,false
F035,Investor Firm 35,Sovereign Wealth,Tier 3,Americas,Existing < $50M,10000000.0,,,0,2,80000000,0,0,0,false
F036,Investor Firm 36,Insurance,Tier 1,Americas,Existing < $50M,20000000.0,E001,E002,2,1,15000000,0,0,0,true
F037,Investor Firm 37,Sovereign Wealth,Tier 3,EMEA,Existing < $50M,10000000.0,,,0,2,100000000,25000000,0,0,false
F038,Investor Firm 38,Family Office,Tier 1,APAC,Existing $50M+,75000000.0,"E002, E003",,2,0,0,0,0,0,false
F039,Investor Firm 39,Family Office,Tier 2,Americas,Existing $50M+,50000000.0,E001,,1,1,75000000,0,1,75000000,false
F040,Investor Firm 40,Foundation,Tier 3,APAC,Existing $50M+,250000000.0,"E001, E002",,5,0,0,0,0,0,false
F041,Investor Firm 41,Foundation,Tier 2,APAC,Existing $50M+,100000000.0,,,0,5,727500000,650000000,0,0,false
F042,Investor Firm 42,Asset Manager,Tier 2,EMEA,Existing $50M+,75000000.0,E003,,2,3,41500000,26500000,0,0,false
F043,Investor Firm 43,Pension,Tier 2,Americas,Existing $50M+,75000000.0,E001,,3,3,325000000,0,0,0,false
F044,Investor Firm 44,Insurance,Tier 1,EMEA,Existing < $50M,20000000.0,"E001, E003",,1,1,40000000,0,0,0,true
F045,Investor Firm 45,Insurance,Tier 1,Americas,Existing $50M+,250000000.0,E001,,0,2,76500000,0,1,75000000,true
F046,Investor Firm 46,Pension,Tier 1,APAC,Existing < $50M,10000000.0,"E001, E002",,4,0,0,0,0,0,false
F047,Investor Firm 47,Pension,Tier 3,Americas,Existing $50M+,250000000.0,"E001, E002",,2,4,50000000,0,4,50000000,true
F048,Investor Firm 48,Pension,Tier 3,EMEA,Existing $50M+,250000000.0,E003,E001,5,1,75000000,0,1,75000000,false
F049,Investor Firm 49,Insurance,Tier 2,APAC,Existing $50M+,50000000.0,,,0,1,75000000,0,0,0,false
F050,Investor Firm 50,Family Office,Tier 2,EMEA,Existing < $50M,5000000.0,E003,,3,1,150000000,0,0,0,true
F051,Investor Firm 51,Sovereign Wealth,Tier 2,Americas,Existing < $50M,35000000.0,E001,,1,4,245000000,0,0,0,false
F052,Investor Firm 52,Insurance,Tier 1,APAC,Existing $50M+,50000000.0,,,0,1,1500000,0,0,0,false
F053,Investor Firm 53,Family Office,Tier 2,APAC,Existing < $50M,10000000.0,E001,,4,3,167500000,152500000,2,152500000,false
F054,Investor Firm 54,Pension,Tier 1,EMEA,Existing $50M+,150000000.0,,,0,1,5000000,5000000,0,0,false
F055,Investor Firm 55,Insurance,Tier 2,APAC,New relationship,0.0,"E001, E003",,2,0,0,0,0,0,true
F056,Investor Firm 56,Family Office,Tier 3,APAC,Existing < $50M,5000000.0,E002,,0,1,5000000,0,0,0,true
F057,Investor Firm 57,Family Office,Tier 2,EMEA,Existing < $50M,10000000.0,"E001, E002",,3,2,150000000,75000000,2,150000000,true
F058,Investor Firm 58,Insurance,Tier 2,EMEA,Existing $50M+,150000000.0,E003,,1,0,0,0,0,0,true
F059,Investor Firm 59,Foundation,Tier 1,Americas,Existing < $50M,20000000.0,E001,,2,2,80000000,0,0,0,true
F060,Investor Firm 60,Sovereign Wealth,Tier 2,Americas,Existing < $50M,20000000.0,E002,,0,1,5000000,0,1,5000000,true
