dimension,value,firm_events,followup_rate_30,conversion_rate,assoc_pipeline_usd
Follow-up in 30d,No,43,0.0,0.3953488372093023,675500000
Follow-up in 30d,Yes,27,1.0,0.37037037037037035,895500000
Relationship,Existing $50M+,41,0.43902439024390244,0.36585365853658536,778000000
Relationship,Existing < $50M,25,0.24,0.4,716500000
Relationship,New relationship,4,0.75,0.5,76500000
Segment,Asset Manager,11,0.5454545454545454,0.45454545454545453,255000000
Segment,Family Office,16,0.3125,0.3125,417500000
Segment,Foundation,12,0.4166666666666667,0.4166666666666667,268000000
Segment,Insurance,12,0.3333333333333333,0.3333333333333333,229000000
Segment,Pension,12,0.3333333333333333,0.3333333333333333,165000000
Segment,Sovereign Wealth,7,0.42857142857142855,0.5714285714285714,236500000
Senior attendee,CIO/MD confirmed,29,0.3448275862068966,0.3793103448275862,491500000
Senior attendee,No CIO/MD,41,0.4146341463414634,0.3902439024390244,1079500000
Tier,Tier 1,21,0.2857142857142857,0.2857142857142857,421500000
Tier,Tier 2,31,0.45161290322580644,0.3548387096774194,790500000
Tier,Tier 3,18,0.3888888888888889,0.5555555555555556,359000000
