event_id,event_name,event_date,event_type,location,cost_usd,window_days,include_tentative,contact_rows,confirmed_contacts,unmapped_contacts,firms_attended,tier1_firms,firms_with_senior,cost_per_firm,firms_followup_30,followup_rate_30,median_days_to_followup,meetings_pre_60,meetings_post_60,assoc_opps,assoc_firms,firm_conversion_rate,assoc_pipeline_usd,assoc_pipeline_ex_outlier_usd,assoc_opps_reached_dd,assoc_committed_opps,assoc_committed_usd,assoc_declined_opps,assoc_declined_usd,median_days_event_to_opp,pipeline_to_cost,pipeline_to_cost_ex_outlier,cost_per_assoc_opp,attendee_new_opp_rate,attendee_prior_opp_rate,non_attendee_new_opp_rate,non_attendee_prior_opp_rate,non_attendee_firms,diff_in_diff_opp_rate,clean_new_opp_rate,clean_prior_opp_rate,clean_control_firms,diff_in_diff_clean,non_attendee_meetings_pre_60,non_attendee_meetings_post_60,days_since_event,open_opps_attendees,open_opps_attendees_advanced,open_opps_non_attendees,open_opps_non_attendees_advanced,open_pipeline_attendees_usd,p_value_did,did_significant,p_value_did_clean,n_permutations
E001,Global Alternatives Summit,2026-03-12,Conference,New York,420000.0,30,false,53,35,0,26,9,13,16153.846153846154,9,0.34615384615384615,40.0,10,21,8,6,0.23076923076923078,335000000,335000000,5,1,75000000,1,75000000,20.5,797.6190476190476,797.6190476190476,52500.0,0.23076923076923078,0.07692307692307693,0.11764705882352941,0.23529411764705882,34,0.2714932126696833,0.23076923076923078,0.3076923076923077,13,0.23076923076923078,2,8,195,9,7,19,17,516500000,0.072,false,0.3392,5000
E002,Investor Leadership Dinner,2026-05-21,Hospitality,London,185000.0,30,false,40,31,0,25,6,10,7400.0,11,0.44,16.0,12,31,6,6,0.24,183000000,183000000,5,1,25000000,0,0,21.5,989.1891891891892,989.1891891891892,30833.333333333332,0.24,0.16,0.2571428571428571,0.22857142857142856,35,0.051428571428571435,0.38461538461538464,0.3076923076923077,13,0.0030769230769230604,15,19,125,20,8,32,17,741500000,0.8204,false,1.0,5000
E003,Private Markets Forum,2026-06-16,Conference,Berlin,610000.0,30,false,37,30,1,19,6,6,32105.263157894737,7,0.3684210526315789,25.0,19,11,6,5,0.2631578947368421,229000000,229000000,6,0,0,0,0,19.5,375.40983606557376,375.40983606557376,101666.66666666667,0.2631578947368421,0.21052631578947367,0.2926829268292683,0.24390243902439024,41,0.0038510911424903815,0.46153846153846156,0.38461538461538464,13,-0.02429149797570851,23,20,99,19,9,41,17,744500000,1.0,false,1.0,5000
E001,Global Alternatives Summit,2026-03-12,Conference,New York,420000.0,30,true,53,35,0,30,10,18,14000.0,10,0.3333333333333333,43.0,12,23,9,7,0.23333333333333334,360000000,360000000,6,1,75000000,1,75000000,18.0,857.1428571428571,857.1428571428571,46666.666666666664,0.23333333333333334,0.1,0.1,0.23333333333333334,30,0.26666666666666666,0.2,0.2,10,0.13333333333333333,0,6,195,12,9,16,15,616500000,0.0672,false,0.7098,5000
E002,Investor Leadership Dinner,2026-05-21,Hospitality,London,185000.0,30,true,40,31,0,27,8,12,6851.851851851852,12,0.4444444444444444,16.0,13,34,6,6,0.2222222222222222,183000000,183000000,5,1,25000000,0,0,21.5,989.1891891891892,989.1891891891892,30833.333333333332,0.2222222222222222,0.14814814814814814,0.2727272727272727,0.24242424242424243,33,0.043771043771043794,0.4,0.4,10,0.07407407407407407,14,16,125,21,9,31,16,756500000,0.818,false,0.7724,5000
E003,Private Markets Forum,2026-06-16,Conference,Berlin,610000.0,30,true,37,30,1,22,7,8,27727.272727272728,9,0.4090909090909091,21.0,22,14,6,5,0.22727272727272727,229000000,229000000,6,0,0,0,0,19.5,375.40983606557376,375.40983606557376,101666.66666666667,0.22727272727272727,0.18181818181818182,0.3157894736842105,0.2631578947368421,38,-0.007177033492822976,0.5,0.5,10,0.04545454545454544,20,17,99,20,9,40,17,784500000,1.0,false,1.0,5000
E001,Global Alternatives Summit,2026-03-12,Conference,New York,420000.0,60,false,53,35,0,26,9,13,16153.846153846154,9,0.34615384615384615,40.0,10,21,12,9,0.34615384615384615,735000000,735000000,7,2,225000000,1,75000000,28.5,1750.0,1750.0,35000.0,0.34615384615384615,0.2692307692307692,0.35294117647058826,0.38235294117647056,34,0.10633484162895923,0.38461538461538464,0.38461538461538464,13,0.07692307692307693,2,8,195,9,7,19,17,516500000,0.5862,false,0.8174,5000
E002,Investor Leadership Dinner,2026-05-21,Hospitality,London,185000.0,60,false,40,31,0,25,6,10,7400.0,11,0.44,16.0,12,31,10,8,0.32,343000000,343000000,7,1,25000000,0,0,27.5,1854.054054054054,1854.054054054054,18500.0,0.32,0.28,0.5142857142857142,0.37142857142857144,35,-0.10285714285714281,0.5384615384615384,0.46153846153846156,13,-0.03692307692307689,15,19,125,20,8,32,17,741500000,0.6216,false,1.0,5000
E003,Private Markets Forum,2026-06-16,Conference,Berlin,610000.0,60,false,37,30,1,19,6,6,32105.263157894737,7,0.3684210526315789,25.0,19,11,8,6,0.3157894736842105,319000000,319000000,7,0,0,0,0,20.0,522.9508196721312,522.9508196721312,76250.0,0.3157894736842105,0.2631578947368421,0.4634146341463415,0.36585365853658536,41,-0.04492939666238771,0.46153846153846156,0.5384615384615384,13,0.1295546558704453,23,20,99,19,9,41,17,744500000,0.8368,false,0.7756,5000
E001,Global Alternatives Summit,2026-03-12,Conference,New York,420000.0,60,true,53,35,0,30,10,18,14000.0,10,0.3333333333333333,43.0,12,23,14,11,0.36666666666666664,785000000,785000000,9,2,225000000,1,75000000,28.5,1869.047619047619,1869.047619047619,30000.0,0.36666666666666664,0.3,0.3333333333333333,0.36666666666666664,30,0.09999999999999998,0.3,0.3,10,0.06666666666666665,0,6,195,12,9,16,15,616500000,0.7162,false,1.0,5000
E002,Investor Leadership Dinner,2026-05-21,Hospitality,London,185000.0,60,true,40,31,0,27,8,12,6851.851851851852,12,0.4444444444444444,16.0,13,34,10,8,0.2962962962962963,343000000,343000000,7,1,25000000,0,0,27.5,1854.054054054054,1854.054054054054,18500.0,0.3333333333333333,0.2962962962962963,0.5151515151515151,0.36363636363636365,33,-0.11447811447811446,0.6,0.5,10,-0.06296296296296294,14,16,125,21,9,31,16,756500000,0.4746,false,1.0,5000
E003,Private Markets Forum,2026-06-16,Conference,Berlin,610000.0,60,true,37,30,1,22,7,8,27727.272727272728,9,0.4090909090909091,21.0,22,14,9,7,0.3181818181818182,359000000,359000000,8,0,0,0,0,20.0,588.5245901639345,588.5245901639345,67777.77777777778,0.3181818181818182,0.22727272727272727,0.47368421052631576,0.39473684210526316,38,0.011961722488038312,0.5,0.7,10,0.2909090909090909,20,17,99,20,9,40,17,784500000,1.0,false,0.3562,5000
E001,Global Alternatives Summit,2026-03-12,Conference,New York,420000.0,90,false,53,35,0,26,9,13,16153.846153846154,9,0.34615384615384615,40.0,10,21,16,11,0.4230769230769231,829000000,829000000,9,3,227500000,2,150000000,31.0,1973.8095238095239,1973.8095238095239,26250.0,0.4230769230769231,0.2692307692307692,0.47058823529411764,0.4411764705882353,34,0.1244343891402715,0.6923076923076923,0.46153846153846156,13,-0.07692307692307687,2,8,195,9,7,19,17,516500000,0.6136,false,0.8402,5000
E002,Investor Leadership Dinner,2026-05-21,Hospitality,London,185000.0,90,false,40,31,0,25,6,10,7400.0,11,0.44,16.0,12,31,13,10,0.4,398000000,398000000,8,1,25000000,0,0,37.0,2151.3513513513512,2151.3513513513512,14230.76923076923,0.4,0.4,0.6285714285714286,0.4857142857142857,35,-0.14285714285714285,0.5384615384615384,0.6153846153846154,13,0.07692307692307698,15,19,125,20,8,32,17,741500000,0.4426,false,0.787,5000
E003,Private Markets Forum,2026-06-16,Conference,Berlin,610000.0,90,false,37,30,1,19,6,6,32105.263157894737,7,0.3684210526315789,25.0,19,11,8,6,0.3157894736842105,319000000,319000000,7,0,0,0,0,20.0,522.9508196721312,522.9508196721312,76250.0,0.3157894736842105,0.3684210526315789,0.4634146341463415,0.4878048780487805,41,-0.028241335044929428,0.46153846153846156,0.6923076923076923,13,0.1781376518218623,23,20,99,19,9,41,17,744500000,1.0,false,0.5198,5000
E001,Global Alternatives Summit,2026-03-12,Conference,New York,420000.0,90,true,53,35,0,30,10,18,14000.0,10,0.3333333333333333,43.0,12,23,18,13,0.43333333333333335,879000000,879000000,11,3,227500000,2,150000000,31.0,2092.8571428571427,2092.8571428571427,23333.333333333332,0.43333333333333335,0.3,0.4666666666666667,0.43333333333333335,30,0.10000000000000003,0.7,0.4,10,-0.16666666666666657,0,6,195,12,9,16,15,616500000,0.7336,false,0.6682,5000
E002,Investor Leadership Dinner,2026-05-21,Hospitality,London,185000.0,90,true,40,31,0,27,8,12,6851.851851851852,12,0.4444444444444444,16.0,13,34,13,10,0.37037037037037035,373000000,373000000,8,1,25000000,0,0,37.0,2016.2162162162163,2016.2162162162163,14230.76923076923,0.4444444444444444,0.4074074074074074,0.6060606060606061,0.48484848484848486,33,-0.08417508417508418,0.6,0.6,10,0.037037037037037035,14,16,125,21,9,31,16,756500000,0.6898,false,1.0,5000
E003,Private Markets Forum,2026-06-16,Conference,Berlin,610000.0,90,true,37,30,1,22,7,8,27727.272727272728,9,0.4090909090909091,21.0,22,14,9,7,0.3181818181818182,359000000,359000000,8,0,0,0,0,20.0,588.5245901639345,588.5245901639345,67777.77777777778,0.3181818181818182,0.3181818181818182,0.47368421052631576,0.5263157894736842,38,0.05263157894736842,0.5,0.8,10,0.30000000000000004,20,17,99,20,9,40,17,784500000,0.8336,false,0.21,5000
E001,Global Alternatives Summit,2026-03-12,Conference,New York,420000.0,180,false,53,35,0,26,9,13,16153.846153846154,9,0.34615384615384615,40.0,10,21,26,16,0.6153846153846154,1270500000,1270500000,14,3,227500000,2,150000000,61.5,3025.0,3025.0,16153.846153846154,0.7307692307692307,0.2692307692307692,0.6176470588235294,0.4411764705882353,34,0.28506787330316735,0.7692307692307693,0.46153846153846156,13,0.1538461538461538,2,8,195,9,7,19,17,516500000,0.1608,false,0.6334,5000
E002,Investor Leadership Dinner,2026-05-21,Hospitality,London,185000.0,180,false,40,31,0,25,6,10,7400.0,11,0.44,16.0,12,31,13,10,0.4,398000000,398000000,8,1,25000000,0,0,37.0,2151.3513513513512,2151.3513513513512,14230.76923076923,0.4,0.6,0.6285714285714286,0.6857142857142857,35,-0.1428571428571428,0.5384615384615384,0.8461538461538461,13,0.10769230769230775,15,19,125,20,8,32,17,741500000,0.4484,false,0.8052,5000
E003,Private Markets Forum,2026-06-16,Conference,Berlin,610000.0,180,false,37,30,1,19,6,6,32105.263157894737,7,0.3684210526315789,25.0,19,11,8,6,0.3157894736842105,319000000,319000000,7,0,0,0,0,20.0,522.9508196721312,522.9508196721312,76250.0,0.3157894736842105,0.5789473684210527,0.4634146341463415,0.7560975609756098,41,0.02952503209242613,0.46153846153846156,1.0,13,0.2753036437246963,23,20,99,19,9,41,17,744500000,1.0,false,0.2856,5000
E001,Global Alternatives Summit,2026-03-12,Conference,New York,420000.0,180,true,53,35,0,30,10,18,14000.0,10,0.3333333333333333,43.0,12,23,28,17,0.5666666666666667,1320500000,1320500000,16,3,227500000,2,150000000,59.5,3144.0476190476193,3144.0476190476193,15000.0,0.7333333333333333,0.3,0.6,0.43333333333333335,30,0.26666666666666666,0.8,0.4,10,0.03333333333333327,0,6,195,12,9,16,15,616500000,0.2286,false,1.0,5000
E002,Investor Leadership Dinner,2026-05-21,Hospitality,London,185000.0,180,true,40,31,0,27,8,12,6851.851851851852,12,0.4444444444444444,16.0,13,34,13,10,0.37037037037037035,373000000,373000000,8,1,25000000,0,0,37.0,2016.2162162162163,2016.2162162162163,14230.76923076923,0.4444444444444444,0.5925925925925926,0.6060606060606061,0.696969696969697,33,-0.0572390572390572,0.6,0.8,10,0.05185185185185193,14,16,125,21,9,31,16,756500000,0.8486,false,1.0,5000
E003,Private Markets Forum,2026-06-16,Conference,Berlin,610000.0,180,true,37,30,1,22,7,8,27727.272727272728,9,0.4090909090909091,21.0,22,14,9,7,0.3181818181818182,359000000,359000000,8,0,0,0,0,20.0,588.5245901639345,588.5245901639345,67777.77777777778,0.3181818181818182,0.5454545454545454,0.47368421052631576,0.7894736842105263,38,0.08851674641148333,0.5,1.0,10,0.27272727272727276,20,17,99,20,9,40,17,784500000,0.7028,false,0.4178,5000
