opportunity_id,firm_id,fund_name,created_date,stage_date,stage,opportunity_amount_usd
O0001,F026,Fund Beta,2026-07-06,2026-07-24,Initial Conversation,40000000
O0001,F026,Fund Beta,2026-07-06,2026-08-03,Follow-up / VDR,40000000
O0001,F026,Fund Beta,2026-07-06,2026-08-21,Due Diligence,40000000
O0001,F026,Fund Beta,2026-07-06,2026-08-29,IC / Documentation,40000000
O0001,F026,Fund Beta,2026-07-06,2026-09-05,IC / Documentation,40000000
O0002,F057,Fund Beta,2026-04-04,2026-04-10,Initial Conversation,75000000
O0002,F057,Fund Beta,2026-04-04,2026-05-02,Follow-up / VDR,75000000
O0002,F057,Fund Beta,2026-04-04,2026-05-19,Committed,75000000
O0003,F037,Secondaries Strategy,2026-06-09,2026-06-25,Initial Conversation,25000000
O0003,F037,Secondaries Strategy,2026-06-09,2026-07-09,Follow-up / VDR,25000000
O0003,F037,Secondaries Strategy,2026-06-09,2026-07-19,Committed,25000000
O0004,F007,Fund Beta,2026-04-09,2026-04-15,Initial Conversation,75000000
O0004,F007,Fund Beta,2026-04-09,2026-05-05,Follow-up / VDR,75000000
O0004,F007,Fund Beta,2026-04-09,2026-05-20,Due Diligence,75000000
O0004,F007,Fund Beta,2026-04-09,2026-06-14,Declined,75000000
O0005,F006,Fund Beta,2026-07-02,2026-07-14,Initial Conversation,150000000
O0005,F006,Fund Beta,2026-07-02,2026-08-07,Follow-up / VDR,150000000
O0005,F006,Fund Beta,2026-07-02,2026-08-24,Due Diligence,150000000
O0005,F006,Fund Beta,2026-07-02,2026-09-17,IC / Documentation,150000000
O0006,F054,Secondaries Strategy,2026-05-02,2026-05-19,Initial Conversation,5000000
O0006,F054,Secondaries Strategy,2026-05-02,2026-06-09,Follow-up / VDR,5000000
O0006,F054,Secondaries Strategy,2026-05-02,2026-06-25,Committed,5000000
O0007,F010,Fund Alpha,2026-03-05,2026-04-03,Initial Conversation,10000000
O0007,F010,Fund Alpha,2026-03-05,2026-04-29,Follow-up / VDR,10000000
O0007,F010,Fund Alpha,2026-03-05,2026-05-05,Due Diligence,10000000
O0007,F010,Fund Alpha,2026-03-05,2026-05-31,IC / Documentation,10000000
O0007,F010,Fund Alpha,2026-03-05,2026-06-15,IC / Documentation,10000000
O0007,F010,Fund Alpha,2026-03-05,2026-07-09,Declined,10000000
O0008,F036,Credit Strategy,2026-08-06,2026-08-18,Initial Conversation,15000000
O0008,F036,Credit Strategy,2026-08-06,2026-09-05,Follow-up / VDR,15000000
O0008,F036,Credit Strategy,2026-08-06,2026-09-22,Due Diligence,15000000
O0009,F029,Fund Beta,2026-05-09,2026-06-02,Initial Conversation,75000000
O0009,F029,Fund Beta,2026-05-09,2026-06-22,Follow-up / VDR,75000000
O0010,F029,Credit Strategy,2026-07-15,2026-08-14,Initial Conversation,150000000
O0010,F029,Credit Strategy,2026-07-15,2026-09-03,Follow-up / VDR,150000000
O0010,F029,Credit Strategy,2026-07-15,2026-09-20,Due Diligence,150000000
O0010,F029,Credit Strategy,2026-07-15,2026-09-28,IC / Documentation,150000000
O0010,F029,Credit Strategy,2026-07-15,2026-10-14,Declined,150000000
O0011,F024,Secondaries Strategy,2026-01-24,2026-01-30,Initial Conversation,75000000
O0011,F024,Secondaries Strategy,2026-01-24,2026-02-05,Follow-up / VDR,75000000
O0011,F024,Secondaries Strategy,2026-01-24,2026-03-02,Due Diligence,75000000
O0011,F024,Secondaries Strategy,2026-01-24,2026-03-17,Committed,75000000
O0012,F004,Credit Strategy,2026-07-12,2026-08-11,Initial Conversation,100000000
O0012,F004,Credit Strategy,2026-07-12,2026-08-20,Follow-up / VDR,100000000
O0012,F004,Credit Strategy,2026-07-12,2026-08-25,Due Diligence,100000000
O0012,F004,Credit Strategy,2026-07-12,2026-09-01,IC / Documentation,100000000
O0013,F047,Fund Beta,2026-06-27,2026-07-17,Initial Conversation,2500000.0
O0013,F047,Fund Beta,2026-06-27,2026-07-31,Follow-up / VDR,2500000.0
O0014,F059,Fund Beta,2026-07-23,2026-08-08,Initial Conversation,5000000
O0014,F059,Fund Beta,2026-07-23,2026-09-01,Follow-up / VDR,5000000
O0015,F011,Fund Gamma,2026-03-24,2026-04-12,Initial Conversation,150000000
O0015,F011,Fund Gamma,2026-03-24,2026-04-21,Follow-up / VDR,150000000
O0015,F011,Fund Gamma,2026-03-24,2026-05-04,Due Diligence,150000000
O0015,F011,Fund Gamma,2026-03-24,2026-05-25,IC / Documentation,150000000
O0015,F011,Fund Gamma,2026-03-24,2026-06-14,IC / Documentation,150000000
O0016,F017,Fund Beta,2026-06-07,2026-06-13,Initial Conversation,100000000
O0016,F017,Fund Beta,2026-06-07,2026-06-24,Follow-up / VDR,100000000
O0016,F017,Fund Beta,2026-06-07,2026-07-04,Due Diligence,100000000
O0017,F041,Credit Strategy,2026-03-13,2026-04-12,Initial Conversation,650000000
O0017,F041,Credit Strategy,2026-03-13,2026-04-25,Follow-up / VDR,650000000
O0017,F041,Credit Strategy,2026-03-13,2026-05-16,Committed,650000000
O0018,F041,Credit Strategy,2026-08-08,2026-08-31,Initial Conversation,25000000
O0018,F041,Credit Strategy,2026-08-08,2026-09-27,Follow-up / VDR,25000000
O0018,F041,Credit Strategy,2026-08-08,2026-10-05,Due Diligence,25000000
O0019,F035,Fund Gamma,2026-06-11,2026-06-27,Initial Conversation,40000000
O0019,F035,Fund Gamma,2026-06-11,2026-07-20,Follow-up / VDR,40000000
O0019,F035,Fund Gamma,2026-06-11,2026-07-29,Due Diligence,40000000
O0020,F049,Fund Beta,2026-01-21,2026-02-18,Initial Conversation,75000000
O0020,F049,Fund Beta,2026-01-21,2026-02-24,Follow-up / VDR,75000000
O0021,F034,Secondaries Strategy,2026-03-06,2026-03-21,Initial Conversation,15000000
O0021,F034,Secondaries Strategy,2026-03-06,2026-04-18,Follow-up / VDR,15000000
O0021,F034,Secondaries Strategy,2026-03-06,2026-04-23,Due Diligence,15000000
O0021,F034,Secondaries Strategy,2026-03-06,2026-05-21,IC / Documentation,15000000
O0021,F034,Secondaries Strategy,2026-03-06,2026-05-27,IC / Documentation,15000000
O0022,F019,Credit Strategy,2026-06-07,2026-06-13,Initial Conversation,40000000
O0022,F019,Credit Strategy,2026-06-07,2026-06-22,Follow-up / VDR,40000000
O0022,F019,Credit Strategy,2026-06-07,2026-07-12,Due Diligence,40000000
O0023,F042,Fund Alpha,2026-01-12,2026-01-28,Initial Conversation,1500000.0
O0023,F042,Fund Alpha,2026-01-12,2026-02-11,Follow-up / VDR,1500000.0
O0023,F042,Fund Alpha,2026-01-12,2026-02-27,Committed,1500000.0
O0024,F027,Secondaries Strategy,2026-05-30,2026-06-15,Initial Conversation,15000000
O0024,F027,Secondaries Strategy,2026-05-30,2026-07-09,Follow-up / VDR,15000000
O0025,F011,Fund Beta,2026-02-04,2026-02-23,Initial Conversation,1500000.0
O0025,F011,Fund Beta,2026-02-04,2026-03-03,Follow-up / VDR,1500000.0
O0025,F011,Fund Beta,2026-02-04,2026-03-10,Due Diligence,1500000.0
O0025,F011,Fund Beta,2026-02-04,2026-04-04,IC / Documentation,1500000.0
O0025,F011,Fund Beta,2026-02-04,2026-04-17,Declined,1500000.0
O0026,F052,Fund Alpha,2026-03-09,2026-03-31,Initial Conversation,1500000.0
O0026,F052,Fund Alpha,2026-03-09,2026-04-16,Follow-up / VDR,1500000.0
O0026,F052,Fund Alpha,2026-03-09,2026-05-10,Due Diligence,1500000.0
O0026,F052,Fund Alpha,2026-03-09,2026-06-04,IC / Documentation,1500000.0
O0027,F039,Fund Beta,2026-05-13,2026-05-18,Initial Conversation,75000000
O0027,F039,Fund Beta,2026-05-13,2026-05-24,Follow-up / VDR,75000000
O0027,F039,Fund Beta,2026-05-13,2026-05-29,Declined,75000000
O0028,F012,Fund Alpha,2026-03-02,2026-03-10,Initial Conversation,5000000
O0028,F012,Fund Alpha,2026-03-02,2026-03-15,Follow-up / VDR,5000000
O0028,F012,Fund Alpha,2026-03-02,2026-04-08,Due Diligence,5000000
O0028,F012,Fund Alpha,2026-03-02,2026-04-30,IC / Documentation,5000000
O0028,F012,Fund Alpha,2026-03-02,2026-05-26,IC / Documentation,5000000
O0029,F010,Secondaries Strategy,2026-04-16,2026-05-07,Initial Conversation,10000000
O0029,F010,Secondaries Strategy,2026-04-16,2026-06-01,Follow-up / VDR,10000000
O0029,F010,Secondaries Strategy,2026-04-16,2026-06-26,Due Diligence,10000000
O0029,F010,Secondaries Strategy,2026-04-16,2026-07-14,IC / Documentation,10000000
O0030,F012,Fund Alpha,2026-05-11,2026-05-17,Initial Conversation,15000000
O0030,F012,Fund Alpha,2026-05-11,2026-06-14,Follow-up / VDR,15000000
O0030,F012,Fund Alpha,2026-05-11,2026-07-14,Due Diligence,15000000
O0031,F035,Credit Strategy,2026-01-02,2026-01-21,Initial Conversation,40000000
O0031,F035,Credit Strategy,2026-01-02,2026-01-28,Follow-up / VDR,40000000
O0031,F035,Credit Strategy,2026-01-02,2026-02-25,Due Diligence,40000000
O0031,F035,Credit Strategy,2026-01-02,2026-03-22,IC / Documentation,40000000
O0032,F015,Fund Beta,2026-01-27,2026-02-04,Initial Conversation,15000000
O0032,F015,Fund Beta,2026-01-27,2026-02-19,Follow-up / VDR,15000000
O0032,F015,Fund Beta,2026-01-27,2026-03-19,Due Diligence,15000000
O0032,F015,Fund Beta,2026-01-27,2026-04-15,IC / Documentation,15000000
O0033,F017,Fund Gamma,2026-07-02,2026-07-28,Initial Conversation,1500000.0
O0033,F017,Fund Gamma,2026-07-02,2026-08-15,Follow-up / VDR,1500000.0
O0033,F017,Fund Gamma,2026-07-02,2026-09-10,Due Diligence,1500000.0
O0033,F017,Fund Gamma,2026-07-02,2026-10-10,IC / Documentation,1500000.0
O0034,F017,Fund Alpha,2026-03-17,2026-03-22,Initial Conversation,10000000
O0034,F017,Fund Alpha,2026-03-17,2026-04-01,Follow-up / VDR,10000000
O0034,F017,Fund Alpha,2026-03-17,2026-04-14,Due Diligence,10000000
O0034,F017,Fund Alpha,2026-03-17,2026-04-26,IC / Documentation,10000000
O0034,F017,Fund Alpha,2026-03-17,2026-05-24,IC / Documentation,10000000
O0035,F011,Fund Beta,2026-07-11,2026-07-26,Initial Conversation,25000000
O0035,F011,Fund Beta,2026-07-11,2026-08-19,Follow-up / VDR,25000000
O0035,F011,Fund Beta,2026-07-11,2026-08-31,Due Diligence,25000000
O0035,F011,Fund Beta,2026-07-11,2026-09-17,IC / Documentation,25000000
O0035,F011,Fund Beta,2026-07-11,2026-10-12,IC / Documentation,25000000
O0036,F043,Credit Strategy,2026-08-04,2026-08-25,Initial Conversation,100000000
O0036,F043,Credit Strategy,2026-08-04,2026-09-21,Follow-up / VDR,100000000
O0036,F043,Credit Strategy,2026-08-04,2026-09-26,Due Diligence,100000000
O0037,F028,Secondaries Strategy,2026-07-05,2026-08-04,Initial Conversation,10000000
O0037,F028,Secondaries Strategy,2026-07-05,2026-08-15,Follow-up / VDR,10000000
O0037,F028,Secondaries Strategy,2026-07-05,2026-09-01,Due Diligence,10000000
O0037,F028,Secondaries Strategy,2026-07-05,2026-09-25,IC / Documentation,10000000
O0037,F028,Secondaries Strategy,2026-07-05,2026-10-18,IC / Documentation,10000000
O0037,F028,Secondaries Strategy,2026-07-05,2026-10-28,Committed,10000000
O0038,F003,Fund Alpha,2026-01-07,2026-01-17,Initial Conversation,2500000.0
O0038,F003,Fund Alpha,2026-01-07,2026-02-02,Follow-up / VDR,2500000.0
O0038,F003,Fund Alpha,2026-01-07,2026-02-11,Due Diligence,2500000.0
O0038,F003,Fund Alpha,2026-01-07,2026-03-10,IC / Documentation,2500000.0
O0038,F003,Fund Alpha,2026-01-07,2026-03-16,Committed,2500000.0
O0039,F045,Fund Alpha,2026-06-14,2026-06-21,Initial Conversation,1500000.0
O0039,F045,Fund Alpha,2026-06-14,2026-07-14,Follow-up / VDR,1500000.0
O0039,F045,Fund Alpha,2026-06-14,2026-08-12,Due Diligence,1500000.0
O0039,F045,Fund Alpha,2026-06-14,2026-08-28,IC / Documentation,1500000.0
O0040,F053,Credit Strategy,2026-05-17,2026-05-28,Initial Conversation,2500000.0
O0040,F053,Credit Strategy,2026-05-17,2026-06-08,Follow-up / VDR,2500000.0
O0040,F053,Credit Strategy,2026-05-17,2026-06-14,Committed,2500000.0
O0041,F053,Credit Strategy,2026-07-12,2026-07-20,Initial Conversation,15000000
O0041,F053,Credit Strategy,2026-07-12,2026-08-19,Follow-up / VDR,15000000
O0042,F014,Fund Gamma,2026-03-17,2026-03-22,Initial Conversation,25000000
O0042,F014,Fund Gamma,2026-03-17,2026-04-07,Follow-up / VDR,25000000
O0042,F014,Fund Gamma,2026-03-17,2026-04-20,Due Diligence,25000000
O0043,F004,Fund Gamma,2026-07-03,2026-07-27,Initial Conversation,25000000
O0043,F004,Fund Gamma,2026-07-03,2026-08-17,Follow-up / VDR,25000000
O0043,F004,Fund Gamma,2026-07-03,2026-09-06,Due Diligence,25000000
O0043,F004,Fund Gamma,2026-07-03,2026-09-20,IC / Documentation,25000000
O0044,F002,Fund Alpha,2026-07-21,2026-08-19,Initial Conversation,40000000
O0044,F002,Fund Alpha,2026-07-21,2026-08-27,Follow-up / VDR,40000000
O0044,F002,Fund Alpha,2026-07-21,2026-09-12,Due Diligence,40000000
O0045,F004,Fund Beta,2026-05-18,2026-05-25,Initial Conversation,150000000
O0045,F004,Fund Beta,2026-05-18,2026-06-17,Follow-up / VDR,150000000
O0045,F004,Fund Beta,2026-05-18,2026-07-01,Due Diligence,150000000
O0045,F004,Fund Beta,2026-05-18,2026-07-11,IC / Documentation,150000000
O0046,F034,Fund Alpha,2026-02-21,2026-03-13,Initial Conversation,15000000
O0046,F034,Fund Alpha,2026-02-21,2026-03-21,Follow-up / VDR,15000000
O0047,F051,Credit Strategy,2026-07-31,2026-08-21,Initial Conversation,5000000
O0047,F051,Credit Strategy,2026-07-31,2026-09-03,Follow-up / VDR,5000000
O0047,F051,Credit Strategy,2026-07-31,2026-09-26,Due Diligence,5000000
O0048,F019,Fund Beta,2026-07-28,2026-08-05,Initial Conversation,10000000
O0048,F019,Fund Beta,2026-07-28,2026-08-30,Follow-up / VDR,10000000
O0048,F019,Fund Beta,2026-07-28,2026-09-28,Due Diligence,10000000
O0048,F019,Fund Beta,2026-07-28,2026-10-20,Committed,10000000
O0049,F041,Fund Alpha,2026-03-25,2026-04-11,Initial Conversation,25000000
O0049,F041,Fund Alpha,2026-03-25,2026-05-09,Follow-up / VDR,25000000
O0049,F041,Fund Alpha,2026-03-25,2026-05-16,Due Diligence,25000000
O0050,F042,Fund Beta,2026-01-07,2026-01-25,Initial Conversation,25000000
O0050,F042,Fund Beta,2026-01-07,2026-02-16,Follow-up / VDR,25000000
O0050,F042,Fund Beta,2026-01-07,2026-03-09,Due Diligence,25000000
O0050,F042,Fund Beta,2026-01-07,2026-04-03,Committed,25000000
O0051,F030,Secondaries Strategy,2026-02-02,2026-03-03,Initial Conversation,100000000
O0051,F030,Secondaries Strategy,2026-02-02,2026-03-27,Follow-up / VDR,100000000
O0051,F030,Secondaries Strategy,2026-02-02,2026-04-21,Due Diligence,100000000
O0051,F030,Secondaries Strategy,2026-02-02,2026-04-27,IC / Documentation,100000000
O0052,F021,Credit Strategy,2026-05-14,2026-06-11,Initial Conversation,5000000
O0052,F021,Credit Strategy,2026-05-14,2026-06-26,Follow-up / VDR,5000000
O0052,F021,Credit Strategy,2026-05-14,2026-07-06,Due Diligence,5000000
O0052,F021,Credit Strategy,2026-05-14,2026-07-25,IC / Documentation,5000000
O0053,F050,Fund Beta,2026-03-07,2026-03-26,Initial Conversation,150000000
O0053,F050,Fund Beta,2026-03-07,2026-04-20,Follow-up / VDR,150000000
O0054,F016,Fund Gamma,2026-05-10,2026-06-06,Initial Conversation,10000000
O0054,F016,Fund Gamma,2026-05-10,2026-06-30,Follow-up / VDR,10000000
O0054,F016,Fund Gamma,2026-05-10,2026-07-09,Due Diligence,10000000
O0055,F016,Secondaries Strategy,2026-07-05,2026-07-15,Initial Conversation,25000000
O0055,F016,Secondaries Strategy,2026-07-05,2026-07-27,Follow-up / VDR,25000000
O0055,F016,Secondaries Strategy,2026-07-05,2026-08-11,Due Diligence,25000000
O0056,F017,Fund Beta,2026-07-06,2026-07-14,Initial Conversation,2500000.0
O0056,F017,Fund Beta,2026-07-06,2026-07-25,Follow-up / VDR,2500000.0
O0056,F017,Fund Beta,2026-07-06,2026-08-11,Due Diligence,2500000.0
O0056,F017,Fund Beta,2026-07-06,2026-08-20,IC / Documentation,2500000.0
O0056,F017,Fund Beta,2026-07-06,2026-08-29,IC / Documentation,2500000.0
O0057,F047,Fund Gamma,2026-03-18,2026-04-12,Initial Conversation,40000000
O0057,F047,Fund Gamma,2026-03-18,2026-04-20,Follow-up / VDR,40000000
O0058,F057,Fund Alpha,2026-04-10,2026-05-10,Initial Conversation,75000000
O0058,F057,Fund Alpha,2026-04-10,2026-05-28,Follow-up / VDR,75000000
O0059,F033,Credit Strategy,2026-06-11,2026-06-24,Initial Conversation,15000000
O0059,F033,Credit Strategy,2026-06-11,2026-07-18,Follow-up / VDR,15000000
O0060,F001,Credit Strategy,2026-07-09,2026-08-01,Initial Conversation,10000000
O0060,F001,Credit Strategy,2026-07-09,2026-08-29,Follow-up / VDR,10000000
O0060,F001,Credit Strategy,2026-07-09,2026-09-23,Due Diligence,10000000
O0060,F001,Credit Strategy,2026-07-09,2026-10-11,IC / Documentation,10000000
O0061,F043,Fund Beta,2026-07-04,2026-07-29,Initial Conversation,150000000
O0061,F043,Fund Beta,2026-07-04,2026-08-06,Follow-up / VDR,150000000
O0061,F043,Fund Beta,2026-07-04,2026-08-25,Due Diligence,150000000
O0061,F043,Fund Beta,2026-07-04,2026-09-12,IC / Documentation,150000000
O0062,F041,Credit Strategy,2026-06-29,2026-07-16,Initial Conversation,2500000.0
O0062,F041,Credit Strategy,2026-06-29,2026-08-12,Follow-up / VDR,2500000.0
O0063,F011,Credit Strategy,2026-03-06,2026-03-30,Initial Conversation,40000000
O0063,F011,Credit Strategy,2026-03-06,2026-04-17,Follow-up / VDR,40000000
O0063,F011,Credit Strategy,2026-03-06,2026-05-08,Due Diligence,40000000
O0064,F060,Fund Gamma,2026-08-12,2026-08-29,Initial Conversation,5000000
O0064,F060,Fund Gamma,2026-08-12,2026-09-18,Follow-up / VDR,5000000
O0064,F060,Fund Gamma,2026-08-12,2026-09-26,Due Diligence,5000000
O0064,F060,Fund Gamma,2026-08-12,2026-10-02,IC / Documentation,5000000
O0065,F014,Secondaries Strategy,2026-02-11,2026-03-06,Initial Conversation,10000000
O0065,F014,Secondaries Strategy,2026-02-11,2026-03-25,Follow-up / VDR,10000000
O0065,F014,Secondaries Strategy,2026-02-11,2026-04-16,Due Diligence,10000000
O0066,F031,Fund Gamma,2026-05-12,2026-05-30,Initial Conversation,1500000.0
O0066,F031,Fund Gamma,2026-05-12,2026-06-27,Follow-up / VDR,1500000.0
O0066,F031,Fund Gamma,2026-05-12,2026-07-16,Due Diligence,1500000.0
O0067,F044,Secondaries Strategy,2026-02-17,2026-02-25,Initial Conversation,40000000
O0067,F044,Secondaries Strategy,2026-02-17,2026-03-25,Follow-up / VDR,40000000
O0067,F044,Secondaries Strategy,2026-02-17,2026-04-18,Due Diligence,40000000
O0067,F044,Secondaries Strategy,2026-02-17,2026-05-04,IC / Documentation,40000000
O0068,F017,Credit Strategy,2026-03-12,2026-03-19,Initial Conversation,40000000
O0068,F017,Credit Strategy,2026-03-12,2026-04-06,Follow-up / VDR,40000000
O0069,F041,Secondaries Strategy,2026-06-28,2026-07-10,Initial Conversation,25000000
O0069,F041,Secondaries Strategy,2026-06-28,2026-07-24,Follow-up / VDR,25000000
O0069,F041,Secondaries Strategy,2026-06-28,2026-08-21,Due Diligence,25000000
O0070,F034,Credit Strategy,2026-02-26,2026-03-07,Initial Conversation,40000000
O0070,F034,Credit Strategy,2026-02-26,2026-04-05,Follow-up / VDR,40000000
O0070,F034,Credit Strategy,2026-02-26,2026-04-30,Committed,40000000
O0071,F031,Fund Beta,2026-06-14,2026-06-23,Initial Conversation,100000000
O0071,F031,Fund Beta,2026-06-14,2026-07-09,Follow-up / VDR,100000000
O0071,F031,Fund Beta,2026-06-14,2026-08-04,Due Diligence,100000000
O0071,F031,Fund Beta,2026-06-14,2026-08-29,IC / Documentation,100000000
O0072,F051,Credit Strategy,2026-07-28,2026-08-26,Initial Conversation,40000000
O0072,F051,Credit Strategy,2026-07-28,2026-09-17,Follow-up / VDR,40000000
O0072,F051,Credit Strategy,2026-07-28,2026-10-12,Due Diligence,40000000
O0072,F051,Credit Strategy,2026-07-28,2026-10-21,IC / Documentation,40000000
O0072,F051,Credit Strategy,2026-07-28,2026-11-19,IC / Documentation,40000000
O0073,F023,Fund Gamma,2026-07-20,2026-08-15,Initial Conversation,10000000
O0073,F023,Fund Gamma,2026-07-20,2026-08-28,Follow-up / VDR,10000000
O0073,F023,Fund Gamma,2026-07-20,2026-09-15,Due Diligence,10000000
O0073,F023,Fund Gamma,2026-07-20,2026-10-11,IC / Documentation,10000000
O0074,F001,Fund Gamma,2026-07-26,2026-08-09,Initial Conversation,15000000
O0074,F001,Fund Gamma,2026-07-26,2026-08-24,Follow-up / VDR,15000000
O0075,F028,Fund Gamma,2026-06-09,2026-06-23,Initial Conversation,2500000.0
O0075,F028,Fund Gamma,2026-06-09,2026-07-10,Follow-up / VDR,2500000.0
O0075,F028,Fund Gamma,2026-06-09,2026-08-02,Declined,2500000.0
O0076,F051,Fund Gamma,2026-02-05,2026-02-10,Initial Conversation,100000000
O0076,F051,Fund Gamma,2026-02-05,2026-03-08,Follow-up / VDR,100000000
O0076,F051,Fund Gamma,2026-02-05,2026-03-13,Due Diligence,100000000
O0076,F051,Fund Gamma,2026-02-05,2026-03-24,IC / Documentation,100000000
O0077,F042,Secondaries Strategy,2026-03-17,2026-03-26,Initial Conversation,15000000
O0077,F042,Secondaries Strategy,2026-03-17,2026-04-07,Follow-up / VDR,15000000
O0078,F029,Fund Beta,2026-03-30,2026-04-29,Initial Conversation,5000000
O0078,F029,Fund Beta,2026-03-30,2026-05-21,Follow-up / VDR,5000000
O0078,F029,Fund Beta,2026-03-30,2026-05-31,Due Diligence,5000000
O0078,F029,Fund Beta,2026-03-30,2026-06-24,IC / Documentation,5000000
O0078,F029,Fund Beta,2026-03-30,2026-07-21,IC / Documentation,5000000
O0079,F051,Fund Gamma,2026-01-24,2026-02-20,Initial Conversation,100000000
O0079,F051,Fund Gamma,2026-01-24,2026-03-03,Follow-up / VDR,100000000
O0080,F048,Fund Alpha,2026-08-03,2026-08-16,Initial Conversation,75000000
O0080,F048,Fund Alpha,2026-08-03,2026-09-03,Follow-up / VDR,75000000
O0080,F048,Fund Alpha,2026-08-03,2026-09-15,Due Diligence,75000000
O0081,F031,Fund Alpha,2026-05-07,2026-05-16,Initial Conversation,100000000
O0081,F031,Fund Alpha,2026-05-07,2026-06-12,Follow-up / VDR,100000000
O0081,F031,Fund Alpha,2026-05-07,2026-07-02,Due Diligence,100000000
O0082,F011,Fund Alpha,2026-05-19,2026-06-03,Initial Conversation,150000000
O0082,F011,Fund Alpha,2026-05-19,2026-06-22,Follow-up / VDR,150000000
O0083,F032,Credit Strategy,2026-06-20,2026-07-08,Initial Conversation,15000000
O0083,F032,Credit Strategy,2026-06-20,2026-08-03,Follow-up / VDR,15000000
O0083,F032,Credit Strategy,2026-06-20,2026-08-10,Due Diligence,15000000
O0084,F024,Fund Alpha,2026-06-12,2026-07-08,Initial Conversation,1500000.0
O0084,F024,Fund Alpha,2026-06-12,2026-08-05,Follow-up / VDR,1500000.0
O0084,F024,Fund Alpha,2026-06-12,2026-08-20,Due Diligence,1500000.0
O0084,F024,Fund Alpha,2026-06-12,2026-09-19,IC / Documentation,1500000.0
O0085,F033,Fund Beta,2026-05-04,2026-05-31,Initial Conversation,75000000
O0085,F033,Fund Beta,2026-05-04,2026-06-18,Follow-up / VDR,75000000
O0086,F022,Fund Gamma,2026-01-25,2026-02-15,Initial Conversation,25000000
O0086,F022,Fund Gamma,2026-01-25,2026-03-09,Follow-up / VDR,25000000
O0086,F022,Fund Gamma,2026-01-25,2026-04-07,Due Diligence,25000000
O0087,F019,Credit Strategy,2026-04-22,2026-04-28,Initial Conversation,25000000
O0087,F019,Credit Strategy,2026-04-22,2026-05-12,Follow-up / VDR,25000000
O0087,F019,Credit Strategy,2026-04-22,2026-05-26,Due Diligence,25000000
O0088,F032,Secondaries Strategy,2026-04-14,2026-05-05,Initial Conversation,25000000
O0088,F032,Secondaries Strategy,2026-04-14,2026-05-21,Follow-up / VDR,25000000
O0088,F032,Secondaries Strategy,2026-04-14,2026-06-01,Due Diligence,25000000
O0088,F032,Secondaries Strategy,2026-04-14,2026-06-26,IC / Documentation,25000000
O0088,F032,Secondaries Strategy,2026-04-14,2026-07-16,IC / Documentation,25000000
O0089,F022,Fund Gamma,2026-02-19,2026-03-16,Initial Conversation,25000000
O0089,F022,Fund Gamma,2026-02-19,2026-03-23,Follow-up / VDR,25000000
O0090,F003,Credit Strategy,2026-04-13,2026-04-19,Initial Conversation,100000000
O0090,F003,Credit Strategy,2026-04-13,2026-05-06,Follow-up / VDR,100000000
O0090,F003,Credit Strategy,2026-04-13,2026-05-20,Due Diligence,100000000
O0090,F003,Credit Strategy,2026-04-13,2026-05-26,Committed,100000000
O0091,F053,Fund Alpha,2026-05-02,2026-05-24,Initial Conversation,150000000
O0091,F053,Fund Alpha,2026-05-02,2026-06-17,Follow-up / VDR,150000000
O0091,F053,Fund Alpha,2026-05-02,2026-07-04,Due Diligence,150000000
O0091,F053,Fund Alpha,2026-05-02,2026-07-28,IC / Documentation,150000000
O0091,F053,Fund Alpha,2026-05-02,2026-08-21,Committed,150000000
O0092,F014,Fund Beta,2026-01-11,2026-01-21,Initial Conversation,75000000
O0092,F014,Fund Beta,2026-01-11,2026-01-27,Follow-up / VDR,75000000
O0093,F007,Fund Gamma,2026-06-17,2026-06-26,Initial Conversation,1500000.0
O0093,F007,Fund Gamma,2026-06-17,2026-07-26,Follow-up / VDR,1500000.0
O0093,F007,Fund Gamma,2026-06-17,2026-08-09,Due Diligence,1500000.0
O0093,F007,Fund Gamma,2026-06-17,2026-08-31,IC / Documentation,1500000.0
O0093,F007,Fund Gamma,2026-06-17,2026-09-27,IC / Documentation,1500000.0
O0094,F020,Fund Alpha,2026-02-17,2026-03-07,Initial Conversation,40000000
O0094,F020,Fund Alpha,2026-02-17,2026-03-30,Follow-up / VDR,40000000
O0094,F020,Fund Alpha,2026-02-17,2026-04-24,Due Diligence,40000000
O0095,F059,Secondaries Strategy,2026-01-14,2026-01-22,Initial Conversation,75000000
O0095,F059,Secondaries Strategy,2026-01-14,2026-02-20,Follow-up / VDR,75000000
O0095,F059,Secondaries Strategy,2026-01-14,2026-03-22,Due Diligence,75000000
O0096,F045,Fund Alpha,2026-04-14,2026-05-01,Initial Conversation,75000000
O0096,F045,Fund Alpha,2026-04-14,2026-05-25,Follow-up / VDR,75000000
O0097,F043,Credit Strategy,2026-02-09,2026-02-16,Initial Conversation,75000000
O0097,F043,Credit Strategy,2026-02-09,2026-03-13,Follow-up / VDR,75000000
O0097,F043,Credit Strategy,2026-02-09,2026-04-02,Due Diligence,75000000
O0098,F010,Credit Strategy,2026-06-10,2026-07-06,Initial Conversation,1500000.0
O0098,F010,Credit Strategy,2026-06-10,2026-08-01,Follow-up / VDR,1500000.0
O0098,F010,Credit Strategy,2026-06-10,2026-08-08,Committed,1500000.0
O0099,F056,Credit Strategy,2026-02-01,2026-03-01,Initial Conversation,5000000
O0099,F056,Credit Strategy,2026-02-01,2026-03-24,Follow-up / VDR,5000000
O0100,F047,Fund Alpha,2026-07-10,2026-08-07,Initial Conversation,5000000
O0100,F047,Fund Alpha,2026-07-10,2026-09-03,Follow-up / VDR,5000000
O0100,F047,Fund Alpha,2026-07-10,2026-09-30,Due Diligence,5000000
O0101,F047,Fund Gamma,2026-07-14,2026-08-10,Initial Conversation,2500000.0
O0101,F047,Fund Gamma,2026-07-14,2026-08-30,Follow-up / VDR,2500000.0
O0101,F047,Fund Gamma,2026-07-14,2026-09-18,Due Diligence,2500000.0
O0101,F047,Fund Gamma,2026-07-14,2026-10-14,IC / Documentation,2500000.0
O0102,F017,Fund Alpha,2026-01-14,2026-02-08,Initial Conversation,1500000.0
O0102,F017,Fund Alpha,2026-01-14,2026-03-06,Follow-up / VDR,1500000.0
O0103,F006,Fund Gamma,2026-04-10,2026-04-20,Initial Conversation,15000000
O0103,F006,Fund Gamma,2026-04-10,2026-05-10,Follow-up / VDR,15000000
O0103,F006,Fund Gamma,2026-04-10,2026-06-03,Due Diligence,15000000
O0103,F006,Fund Gamma,2026-04-10,2026-06-09,IC / Documentation,15000000
O0104,F037,Credit Strategy,2026-07-06,2026-07-15,Initial Conversation,75000000
O0104,F037,Credit Strategy,2026-07-06,2026-08-14,Follow-up / VDR,75000000
O0104,F037,Credit Strategy,2026-07-06,2026-08-22,Due Diligence,75000000
O0104,F037,Credit Strategy,2026-07-06,2026-09-07,IC / Documentation,75000000
O0105,F011,Credit Strategy,2026-06-11,2026-07-11,Initial Conversation,40000000
O0105,F011,Credit Strategy,2026-06-11,2026-07-30,Follow-up / VDR,40000000
O0105,F011,Credit Strategy,2026-06-11,2026-08-12,Due Diligence,40000000
O9998,F008,Fund Beta,2026-06-18,2026-06-28,Committed,25000000
O9999,F008,Fund Beta,2026-06-18,2026-06-28,Committed,25000000
